<?xml version="1.0" encoding="utf-8"?>
<extension type="module" version="1.5.0" position="Citruscart_dashboard_right" client="administrator" method="upgrade">
	<name>Citruscart - Sales Statistics</name>
	<author>Citruscart Team</author>
	<authorEmail>support@citruscart.com</authorEmail>
  <authorUrl>http://citruscart.com</authorUrl>	<version>1.1.0</version>
	<creationDate>April 2014</creationDate>
	<copyright>Copyright (c) 2014 - 2019 Citruscart Private Ltd. All rights reserved.</copyright>
	<license>GNU General Public License</license>
	<description>MOD_CISTRUSCART_SALESTATISTICS_MODULEDESC</description>
	<files>
		<filename module="mod_citruscart_salestatistics">mod_citruscart_salestatistics.php</filename>
		<filename>helper.php</filename>
		<filename>index.html</filename>
		<folder>tmpl</folder>
	</files>
	<languages folder="languages">
		<language tag="en-GB">en-GB.mod_citruscart_salestatistics.ini</language>
	</languages>
	<config>
		<fields name="params">
			<fieldset name="basic">
				<field name="hide_title" type="radio" default="1" label="MOD_CISTRUSCART_SALESTATISTICS_HIDE_MODULE_TITLE" description="MOD_CISTRUSCART_SALESTATISTICS_HIDE_MODULE_TITLE_DESC">
					<option value="0">COM_CITRUSCART_NO</option>
					<option value="1">COM_CITRUSCART_YES</option>
				</field>
				<fieldset
				name="advanced">
				<field
					name="layout"
					type="modulelayout"
					label="JFIELD_ALT_LAYOUT_LABEL"
					description="JFIELD_ALT_MODULE_LAYOUT_DESC" />
				<field
					name="moduleclass_sfx"
					type="text"
					label="COM_MODULES_FIELD_MODULECLASS_SFX_LABEL"
					description="COM_MODULES_FIELD_MODULECLASS_SFX_DESC" />
				<field
					name="cache"
					type="list"
					default="1"
					label="COM_MODULES_FIELD_CACHING_LABEL"
					description="COM_MODULES_FIELD_CACHING_DESC">
					<option
						value="1">JGLOBAL_USE_GLOBAL</option>
					<option
						value="0">COM_MODULES_FIELD_VALUE_NOCACHING</option>
				</field>
				<field
					name="cache_time"
					type="text"
					default="900"
					label="COM_MODULES_FIELD_CACHE_TIME_LABEL"
					description="COM_MODULES_FIELD_CACHE_TIME_DESC" />
				<field
					name="cachemode"
					type="hidden"
					default="itemid">
					<option
						value="itemid"></option>
				</field>
			</fieldset>
			</fieldset>
		</fields>
	</config>
</extension>