<?xml version="1.0" encoding="utf-8"?>
<extension type="plugin" group="system" method="upgrade" version="2.5">
    <name>System - Dioscouri</name>
    <author>Dioscouri Design</author>
    <authorEmail>info@dioscouri.com</authorEmail>
    <authorUrl>http://www.dioscouri.com</authorUrl>
    <version>3.8.0</version>
    <creationDate>June 2012</creationDate>
    <copyright>2012 Dioscouri.com</copyright>
    <license>GNU General Public License</license>
    <description>Adds the Dioscouri Library to the Autoloader</description>
    
    <files>
        <filename plugin="dioscouri">dioscouri.php</filename>
        <folder>dioscouri</folder>   
    </files>

    <updateservers>
       <server type="extension" priority="1" name="Dioscouri System Plugin Updates">http://updates.dioscouri.com/plg_system_dioscouri/updates.xml</server>
    </updateservers>
    
    <config>
		<fields name="params">
			<fieldset name="basic">
				<field type="spacer" default="jQuery Settings" />

 				<field name="embedjquery" type="list" default="0" label="Embed jQuery" description="Embeds jQuery through the whole site.">
				  <option value="0">JNO</option>
				  <option value="1">JYES</option>
				</field>
				<field name="jquerynoconflict" type="radio" default="1" label="jQuery No Conflict mode" description="">
				  <option value="1">JYES</option>
				  <option value="0">JNO</option>
				</field>
				<field type="spacer" default="Bootstrap" />
				<field name="embedbootstrap" type="list" default="0" label="Embed Bootstrap" description="Embeds Bootstrap through the front site.">
				  <option value="0">JNO</option>
				  <option value="1">JYES</option>
				</field>
				<field name="bootstrapversion" type="text" default="default" label="Bootstrap Version" description=""/>
				<field name="bootstrapjoomla" type="list" default="0" label="Load Bootstrap Joomla file" description="Adds a CSS file to over ride joomla classes">
				  <option value="0">JNO</option>
				  <option value="1">JYES</option>
				</field>
			</fieldset>
			<fieldset name="advanced">				
				<field name="activeAdmin" type="radio" default="1" label="Active jQuery on the admin" description="">
				  <option value="0">JNO</option>
				  <option value="1">JYES</option>
				</field>
			</fieldset>
		</fields>
	</config>     
</extension>